password123,USER,hcoleman5237
password123,USER,michael122773
password123,USER,lisa175516
password123,USER,daltonwanda6725
password123,ADMIN,stewartsharon7209
password123,ADMIN,martinwillie1685
password123,USER,martinezdonald5779
password123,USER,bryan076668
password123,USER,tfernandez4782
password123,USER,mosleynicholas3519
password123,USER,amorse373
password123,ADMIN,ylewis1382
password123,ADMIN,collinssharon3599
password123,ADMIN,barbarawatson5000
password123,USER,coxgary8922
password123,USER,hsilva6494
password123,USER,swilliams8138
password123,USER,alvarezjodi1350
password123,ADMIN,lellis7327
password123,USER,courtneythomas8015
password123,ADMIN,barbarariley387
password123,ADMIN,kphillips9628
password123,USER,gardnerelizabeth4265
password123,ADMIN,zbennett3234
password123,USER,torresandrew259
password123,ADMIN,justin345318
password123,ADMIN,jacobskelly4703
password123,ADMIN,bondmatthew8354
password123,USER,jeffreymorris5821
password123,ADMIN,vrogers7049
password123,USER,rebecca103175
password123,USER,ograham8107
password123,USER,sawyerlauren653
password123,USER,jonathanwhite9631
password123,ADMIN,osmith3896
password123,USER,emily427219
password123,USER,april971307
password123,USER,james247901
password123,ADMIN,douglassimpson9174
password123,ADMIN,amanda26698
password123,USER,ldavis3498
password123,USER,jerrycurtis1759
password123,USER,douglashansen7516
password123,USER,james752064
password123,USER,vanessa656232
password123,USER,deborahlewis5066
password123,USER,jsmith4891
password123,USER,martha582355
password123,ADMIN,icohen9231
password123,ADMIN,dana966208
password123,USER,millerjacqueline6507
password123,ADMIN,jamesnixon4333
password123,ADMIN,pleblanc3944
password123,USER,bphillips6792
password123,USER,jillsellers9993
password123,ADMIN,jonathongutierrez157
password123,ADMIN,laurenthompson7808
password123,USER,matthewhughes3375
password123,USER,kmiller9321
password123,USER,teresa269746
password123,ADMIN,kyle919552
password123,ADMIN,kevin775881
password123,ADMIN,howardstefanie6868
password123,USER,youngamy1374
password123,ADMIN,judy918792
password123,USER,bradleytran2734
password123,ADMIN,ncharles2376
password123,USER,mcdonaldjoseph9436
password123,ADMIN,coffeyjames9433
password123,ADMIN,jodimueller2022
password123,USER,hufftara4069
password123,USER,unichols2367
password123,ADMIN,jscott8631
password123,ADMIN,ghebert3659
password123,USER,russellburgess6792
password123,USER,brittney367449
password123,USER,lisavazquez9038
password123,ADMIN,teresawatts7369
password123,ADMIN,ericguerrero9410
password123,ADMIN,vpaul2551
password123,USER,laura54806
password123,USER,roger085834
password123,ADMIN,christianwilliams7463
password123,USER,jackpierce6389
password123,USER,lisa961731
password123,USER,robert756139
password123,ADMIN,andrea334066
password123,ADMIN,matthewwatson6789
password123,USER,clewis5902
password123,ADMIN,megan034093
password123,USER,brownsarah1268
password123,USER,tonya272729
password123,USER,heatherdickson9273
password123,ADMIN,alison957601
password123,ADMIN,linda464874
password123,USER,ycarter6572
password123,ADMIN,santiagokristin8065
password123,USER,jacqueline884641
password123,USER,andersonkristie6594
password123,ADMIN,vanessahaas8256
password123,USER,mitchellstephen4524
password123,USER,kreese3278
password123,ADMIN,lauren546340
password123,USER,kurt307304
password123,ADMIN,robertsmith7377
password123,USER,pennykennedy6702
password123,ADMIN,nicolechristian4896
password123,USER,zbonilla4011
password123,ADMIN,kmoore4309
password123,ADMIN,jacksoncolleen1483
password123,ADMIN,phillipskimberly8626
password123,USER,freemanelizabeth1798
password123,ADMIN,ychoi5593
password123,ADMIN,romerojose5685
password123,USER,dominguezbrenda1692
password123,ADMIN,adamsdebra1970
password123,USER,wglass2327
password123,USER,flynnbrandon5881
password123,USER,bmartinez3822
password123,USER,elizabethstevenson162
password123,ADMIN,cynthiagibson6723
password123,USER,ana073071
password123,ADMIN,hancockdiane5553
password123,USER,daniel888916
password123,ADMIN,marc831428
password123,USER,emilyanderson1462
password123,ADMIN,johnny931407
password123,USER,ryancrystal3031
password123,USER,carlosmeadows8254
password123,ADMIN,joneskristin5755
password123,USER,andrew565269
password123,USER,sdavis7685
password123,USER,amanda239346
password123,ADMIN,xortega9121
password123,USER,brooke643274
password123,ADMIN,benjamin763625
password123,ADMIN,zmathis9891
password123,ADMIN,lwilkins9314
password123,ADMIN,johnwilliams2270
password123,ADMIN,susan443096
password123,ADMIN,bgarner8005
password123,ADMIN,brownpamela159
password123,USER,shepherdmatthew6075
password123,ADMIN,morgansusan3391
password123,USER,dennisscott4592
password123,ADMIN,mburton342
password123,ADMIN,luissimmons4603
password123,USER,reyessteven4265
password123,ADMIN,cameron056103
password123,USER,villanuevadavid4575
password123,ADMIN,jessica15335
password123,USER,tfuentes2105
password123,USER,zpalmer8774
password123,ADMIN,shawnfrancis8515
password123,ADMIN,cwallace2906
password123,USER,warren949189
password123,ADMIN,sgibbs317
password123,USER,halecheryl9338
password123,USER,alanmccall287
password123,USER,terryjensen1237
password123,USER,danielsgene2955
password123,USER,rachelkim2537
password123,ADMIN,alishamoore158
password123,USER,twalker2972
password123,ADMIN,chentimothy6853
password123,USER,hansonjessica3107
password123,ADMIN,tsnyder5197
password123,USER,nathan457487
password123,ADMIN,don267006
password123,ADMIN,christopherlewis7742
password123,ADMIN,jessica764662
password123,USER,fisheramber7598
password123,USER,fritzsandra3187
password123,USER,owenkatie6288
password123,ADMIN,rosarionichole3994
password123,USER,jeffreyzimmerman477
password123,ADMIN,chadmaxwell2697
password123,USER,julierivera7644
password123,USER,efischer5005
password123,USER,susanfrye1249
password123,USER,martinezkelly6382
password123,USER,alyssapratt1409
password123,USER,ricky786708
password123,USER,colleenfarley8667
password123,USER,chapmanronald2324
password123,ADMIN,chenmary6268
password123,USER,sherigardner9873
password123,ADMIN,fclements7033
password123,USER,daniel054771
password123,ADMIN,gsalazar4009
password123,ADMIN,wandarussell90
password123,ADMIN,christinejones755
password123,USER,deanthomas4814
password123,ADMIN,davidcombs4709
password123,USER,pwilliams3414
password123,ADMIN,lmoss6886
password123,ADMIN,leahmoon4060
password123,USER,stephensjohn6063
password123,USER,victoria985811
password123,ADMIN,donnasmith2585
password123,ADMIN,soniamiller8397
password123,ADMIN,alejandrobrown5770
password123,USER,gcastro285
password123,USER,lisajenkins5529
password123,USER,iweiss6821
password123,USER,kristen082904
password123,USER,jasoncoleman4768
password123,ADMIN,jessicajohnson7209
password123,USER,lindseyallen9442
password123,USER,anna137097
password123,USER,nthompson58
password123,USER,allison356753
password123,ADMIN,carol837298
password123,USER,wayneturner3934
password123,USER,charlesblack3371
password123,ADMIN,ashley669299
password123,USER,scott748230
password123,USER,virginiatapia7530
password123,ADMIN,mcculloughcarlos7541
password123,USER,erin596792
password123,USER,julie592255
password123,USER,leekimberly6950
password123,ADMIN,maryrichards7549
password123,USER,nortonbeverly5816
password123,ADMIN,karenfaulkner5519
password123,ADMIN,toddaaron5258
password123,ADMIN,jtorres6126
password123,ADMIN,greenjasmine9849
password123,USER,chadmaldonado9251
password123,USER,dixonanthony9948
password123,ADMIN,xdavis8789
password123,ADMIN,fmorales3176
password123,USER,cortezdeborah7911
password123,USER,richard37189
password123,USER,rodney667982
password123,ADMIN,jbrennan3909
password123,USER,beckycole1642
password123,ADMIN,zachary433397
password123,USER,ashleykent4276
password123,ADMIN,taylorstephanie8846
password123,USER,garciachristopher9226
password123,ADMIN,ledwards7959
password123,ADMIN,charlessteele5233
password123,ADMIN,kathleen946590
password123,ADMIN,larryodonnell9362
password123,USER,thompsonmolly9495
password123,ADMIN,michael035551
password123,USER,leroycontreras9461
password123,USER,evanselizabeth3787
password123,ADMIN,uandrews8412
password123,USER,wwright8534
password123,ADMIN,katiegood6549
password123,ADMIN,robert099035
password123,ADMIN,jesse797109
password123,USER,danielle749991
password123,ADMIN,wrightmelissa8255
password123,ADMIN,matthew549377
password123,ADMIN,millsjoseph4680
password123,ADMIN,tracey817360
password123,ADMIN,justin841298
password123,USER,jennagregory8018
password123,USER,edwardszachary1835
password123,USER,reillyjennifer1871
password123,ADMIN,abradley6485
password123,USER,debra947954
password123,USER,parkerkathleen9403
password123,ADMIN,sarahwhite1951
password123,USER,yhawkins8426
password123,USER,edward229559
password123,USER,georgerodriguez7473
password123,ADMIN,gnelson3302
password123,ADMIN,hduncan7392
password123,USER,sking8538
password123,ADMIN,sarah209790
password123,USER,krystalhicks4504
password123,ADMIN,hmerritt8524
password123,ADMIN,pamela34274
password123,ADMIN,michaelclark3990
password123,USER,carlosking3994
password123,USER,mwilliams6079
password123,USER,javiersanchez9994
password123,ADMIN,stevejohnston7543
password123,ADMIN,christopher149076
password123,USER,troy649191
password123,USER,jeancompton9864
password123,USER,rebecca99254
password123,USER,carolyn878995
password123,USER,mooreandrew7949
password123,USER,joseph024159
password123,USER,jennifer175093
password123,ADMIN,aarontorres6368
password123,ADMIN,katelyn962589
password123,ADMIN,melissa59797
password123,ADMIN,timothyjohnson4599
password123,ADMIN,thomasarcher3468
password123,USER,aaron88740
password123,USER,moyerantonio5225
password123,USER,growland2899
password123,ADMIN,stephanie232534
password123,ADMIN,jessica169717
password123,ADMIN,brandon577886
password123,USER,pattersonhannah6126
password123,ADMIN,brent968038
password123,USER,rebecca715117
password123,ADMIN,williamsrobert8100
password123,ADMIN,sandrapope8573
password123,USER,sanchezjesus2008
password123,ADMIN,pattersonterri817
password123,ADMIN,jamesfoster4182
password123,USER,jasoncarpenter4316
password123,ADMIN,lmelton7849
password123,ADMIN,leahclements957
password123,USER,kjohnson9086
password123,ADMIN,andrew512351
password123,USER,jeffery978555
password123,ADMIN,staceylee5935
password123,USER,sharonmontgomery6186
password123,ADMIN,justin566025
password123,ADMIN,drogers8860
password123,ADMIN,qdunn4790
password123,USER,daleallen3496
password123,USER,laurensteele3898
password123,USER,patricia452497
password123,USER,thomas74302
password123,USER,nvazquez4910
password123,USER,grahamthomas3567
password123,USER,paulathompson1072
password123,ADMIN,rachelbullock2523
password123,USER,traci049447
password123,USER,daniel91460
password123,USER,gjenkins9204
password123,ADMIN,carrie393114
password123,USER,chriswalker1852
password123,ADMIN,dawnhernandez3734
password123,ADMIN,shelbynorton664
password123,ADMIN,knightmichael7933
password123,ADMIN,brandy552921
password123,USER,lauraosborne6245
password123,USER,jessica262466
password123,USER,mcgeedawn6711
password123,USER,leslie78191
password123,ADMIN,qadams9182
password123,ADMIN,marcus056467
password123,USER,silvabrittany699
password123,ADMIN,erika181959
password123,USER,nicholstamara1210
password123,USER,deniselarson6825
password123,ADMIN,leah013431
password123,ADMIN,chasewilliamson2043
password123,ADMIN,kristen147992
password123,ADMIN,kgarcia4481
password123,USER,wmiller5882
password123,ADMIN,xholmes4974
password123,USER,bullockraymond9219
password123,ADMIN,colleenrivera4282
password123,ADMIN,jennamarshall5697
password123,ADMIN,michael104114
password123,USER,beasleydenise9558
password123,USER,dcarter1114
password123,ADMIN,kimrobert2804
password123,USER,jeffreyrobles2808
password123,USER,martinjennifer5475
password123,ADMIN,andrejones5267
password123,ADMIN,ericfernandez5633
password123,ADMIN,torresdylan3004
password123,USER,angela54134
password123,USER,cmiller4303
password123,ADMIN,robertsbryce4106
password123,ADMIN,nsmith2758
password123,USER,tmartin2674
password123,ADMIN,olivia28631
password123,ADMIN,barbarahunter7822
password123,ADMIN,garmstrong3464
password123,USER,robertwhite5424
password123,USER,sean418877
password123,ADMIN,jmiller5294
password123,USER,stevehendrix945
password123,USER,kathy344345
password123,USER,casey336929
password123,ADMIN,gadams7616
password123,USER,williamramos8341
password123,USER,fnewman8815
password123,ADMIN,william906390
password123,ADMIN,jasonhubbard934
password123,ADMIN,monica171612
password123,ADMIN,antonioross4260
password123,ADMIN,mackshelley620
password123,USER,taylorlaura8074
password123,USER,vmann8705
password123,USER,jamesmclean8985
password123,USER,stephaniemartinez44
password123,USER,nicholas424055
password123,ADMIN,michellerobinson1711
password123,USER,icarr6225
password123,USER,heather2520
password123,ADMIN,carolyn367494
password123,USER,deanna928143
password123,ADMIN,jamesrichards8449
password123,ADMIN,colingolden7755
password123,USER,janetclark7043
password123,USER,jeffreywebb4617
password123,USER,alyssa877752
password123,ADMIN,kellymoses7596
password123,ADMIN,miranda526162
password123,USER,carriehughes9235
password123,ADMIN,jeanette696522
password123,ADMIN,garybarrett1991
password123,USER,amyellis7453
password123,ADMIN,iwilson4967
password123,USER,michelesanders1138
password123,USER,mark822728
password123,ADMIN,hfry2209
password123,ADMIN,unelson8366
password123,USER,vasquezdenise5647
password123,ADMIN,lopezjennifer9464
password123,USER,denisehubbard2503
password123,USER,laura579611
password123,USER,richmondcharles854
password123,USER,timothy015432
password123,USER,acox8079
password123,ADMIN,zacharygarcia5483
password123,ADMIN,nicole326992
password123,ADMIN,moraleswilliam1285
password123,USER,julieschneider2799
password123,USER,gina644868
password123,ADMIN,jonesbruce5194
password123,USER,hoodpatricia6832
password123,USER,abutler5520
password123,ADMIN,ginacox2433
password123,USER,huynhlaura8545
password123,USER,heathersnyder7708
password123,ADMIN,cassidy518889
password123,USER,jessicagomez6620
password123,USER,sadams2255
password123,USER,vasquezjessica5470
password123,USER,stephanie5748
password123,USER,nmonroe7607
password123,ADMIN,george949387
password123,ADMIN,howardjudy6977
password123,ADMIN,steven132178
password123,ADMIN,qanderson4696
password123,USER,newmanjoseph6100
password123,USER,hfitzgerald3269
password123,ADMIN,kevin538234
password123,USER,petersblake3207
password123,USER,nolantamara4308
password123,ADMIN,brownvanessa4722
password123,USER,hector051047
password123,USER,kimberly756737
password123,USER,denise061394
password123,ADMIN,gilbertmichelle5148
password123,ADMIN,christophermitchell3884
password123,USER,brendacastillo4784
password123,USER,ybanks6682
password123,ADMIN,hriddle7997
password123,USER,william44930
password123,USER,joseph403773
password123,USER,pottermichelle7833
password123,USER,kathyharmon8540
password123,USER,leonmark7767
password123,USER,sherrynelson8001
password123,ADMIN,laura336399
password123,ADMIN,jesse534818
password123,ADMIN,xthompson9013
password123,USER,ryang5740
password123,ADMIN,deanna637001
password123,ADMIN,hillsandra5024
password123,USER,mallory269088
password123,ADMIN,carterkatherine81
password123,ADMIN,bowentasha1361
password123,ADMIN,shawnasmith2587
password123,ADMIN,larsonsarah1233
password123,USER,john861596
password123,USER,jose339450
password123,ADMIN,jbarker4548
password123,USER,mmiller3024
password123,ADMIN,ericcastillo1525
password123,USER,fscott828
password123,ADMIN,williamskrystal2844
password123,USER,dustin777400
password123,USER,sullivandarlene4128
password123,ADMIN,mmccoy2800
password123,USER,ariel745877
password123,ADMIN,rachelelliott9308
password123,USER,nicole154757
password123,ADMIN,dustin868325
password123,ADMIN,heather804404
password123,USER,cruzfelicia4657
password123,ADMIN,rothangela8627
password123,ADMIN,kellitorres1666
password123,USER,juliethompson9288
password123,USER,brad609343
password123,USER,john963387
password123,ADMIN,umayo4006
password123,USER,zguzman3541
password123,ADMIN,wilsonjessica7309
password123,USER,gferguson7571
password123,USER,nicole436981
password123,ADMIN,scottbrennan5598
password123,USER,kayla051577
password123,USER,corywebb2632
password123,USER,edwardsjerry8510
password123,USER,brownjames1013
password123,USER,william734414
password123,USER,ctaylor4556
password123,ADMIN,reginaldlynn4312
password123,ADMIN,whernandez8746
password123,USER,marcroman3689
password123,USER,williamsmith9352
password123,USER,matthew601336
password123,ADMIN,kferguson4432
password123,ADMIN,chloe717075
password123,ADMIN,hmeyers3232
password123,USER,cameronlang1077
password123,ADMIN,acostakatelyn2773
password123,USER,russell40116
password123,USER,adam429893
password123,USER,lindsay749195
password123,USER,david111398
password123,ADMIN,jason62587
password123,USER,martinaguilar6606
password123,ADMIN,tammygraves6494
password123,USER,brandon821079
password123,USER,sharpmichael7014
password123,USER,freemantina3073
password123,USER,burtonkarl2486
password123,USER,castrorenee3937
password123,USER,kgarcia4933
password123,ADMIN,andrewcollins6678
password123,USER,dwilliams8289
password123,USER,sarahgomez2000
password123,USER,ghernandez2839
password123,ADMIN,jasonjimenez1016
password123,ADMIN,rebecca713608
password123,ADMIN,michael832659
password123,ADMIN,michaelperez1394
password123,ADMIN,hwalton5522
password123,ADMIN,sarahvaldez9032
password123,ADMIN,blake296162
password123,ADMIN,shepherdtabitha2473
password123,USER,wwright6634
password123,USER,edward135829
password123,ADMIN,brandonscott2756
password123,USER,thomasanderson7556
password123,ADMIN,shelia961294
password123,ADMIN,olivia501554
password123,USER,tracy306159
password123,USER,patrick526665
password123,USER,ricky539825
password123,USER,wardtasha3014
password123,USER,sking933
password123,ADMIN,victormiles3245
password123,ADMIN,catherinewoods2991
password123,ADMIN,wesleyphillips9075
password123,ADMIN,thomas261200
password123,ADMIN,patrick585638
password123,ADMIN,cantukyle3778
password123,ADMIN,vanggeorge4438
password123,USER,douglasgreen6047
password123,USER,rebeccajohnson7027
password123,ADMIN,pittmanpaul6809
password123,ADMIN,jimenezwillie7285
password123,ADMIN,eperez396
password123,USER,jenniferacosta9593
password123,ADMIN,christopher252589
password123,USER,adamzimmerman7755
password123,ADMIN,brownbeth8545
password123,USER,ybishop3276
password123,USER,hunteramanda7881
password123,ADMIN,kimberlynelson7246
password123,ADMIN,ofreeman4879
password123,ADMIN,matthewmullins2906
password123,ADMIN,jonesaimee2798
password123,USER,jessicahartman6590
password123,ADMIN,udavis1025
password123,ADMIN,tanya451952
password123,USER,greenlarry6985
password123,ADMIN,jamessingleton8069
password123,USER,laurafoster7993
password123,ADMIN,frysydney6549
password123,ADMIN,kevin074306
password123,USER,linkayla8597
password123,USER,foxchristopher8418
password123,ADMIN,ndavis9810
password123,USER,brucerobinson5107
password123,USER,richardbrown8580
password123,ADMIN,ecolon5857
password123,USER,griffindanny3206
password123,ADMIN,richard345844
password123,ADMIN,ymurphy9686
password123,USER,john991941
password123,USER,rachellee6507
password123,USER,jperez1076
password123,USER,charles833686
password123,USER,jthomas6976
password123,USER,jmay2575
password123,USER,jessicataylor2195
password123,USER,pmyers4848
password123,ADMIN,vkelly9732
password123,ADMIN,amanda861469
password123,ADMIN,kimberlyhess4523
password123,USER,steven824166
password123,ADMIN,judithcarlson8236
password123,USER,heidipatel8480
password123,USER,lewisroberto6397
password123,USER,abaker7699
password123,ADMIN,ann558410
password123,USER,bartlettbonnie4939
password123,ADMIN,williamsmegan1858
password123,ADMIN,stevensoneric5374
password123,ADMIN,christine98892
password123,USER,jill158723
password123,USER,dbest6034
password123,USER,dianealvarez1036
password123,USER,mcgeestephanie6933
password123,ADMIN,john98909
password123,ADMIN,pmeyers9557
password123,USER,trobinson7687
password123,ADMIN,zweber2092
password123,ADMIN,sarah083185
password123,USER,nathanscott4630
password123,ADMIN,jenniferthomas8322
password123,ADMIN,barrywilliams4301
password123,ADMIN,gallen1038
password123,USER,mitchellmaldonado3928
password123,ADMIN,vreyes4300
password123,USER,edward385526
password123,ADMIN,eric566734
password123,USER,mglover5688
password123,ADMIN,mariastone355
password123,ADMIN,susan238856
password123,USER,mackanthony190
password123,ADMIN,jason996496
password123,USER,criley5681
password123,ADMIN,russelldaniel851
password123,ADMIN,briananderson4037
password123,USER,adamswilliam2472
password123,USER,omorris7516
password123,ADMIN,sarahhughes974
password123,ADMIN,lgibson3147
password123,USER,jacquelinedavis7926
password123,USER,kjones1990
password123,ADMIN,daniellevaldez6013
password123,ADMIN,perrykristopher7398
password123,USER,atrevino81
password123,ADMIN,hpennington473
password123,ADMIN,christopherkim5026
password123,ADMIN,kaylaalexander9689
password123,USER,eochoa7691
password123,USER,shelley8221
password123,USER,acarrillo7327
password123,ADMIN,ryandouglas9591
password123,USER,sthomas5505
password123,USER,shelley926950
password123,USER,kylefrank1762
password123,USER,whiteeric521
password123,ADMIN,kayers2701
password123,USER,patrick004578
password123,ADMIN,ogoodman6124
password123,USER,xgreen9984
password123,USER,stephaniemorris8504
password123,USER,vlewis4597
password123,ADMIN,robert703916
password123,USER,ejones8097
password123,USER,paul608033
password123,USER,ejohnson8527
password123,USER,seanquinn9977
password123,USER,thomas381833
password123,ADMIN,jeremyross3100
password123,USER,john393924
password123,ADMIN,valenzuelaamanda5875
password123,USER,wmitchell3177
password123,USER,ethan404820
password123,ADMIN,maryzhang6137
password123,ADMIN,hferguson8180
password123,ADMIN,andrewsmatthew2013
password123,USER,westsandra3617
password123,ADMIN,williamsjessica5559
password123,ADMIN,ramirezlaurie3431
password123,ADMIN,bmeyers9585
password123,USER,richard407504
password123,ADMIN,lawrencegeorge4488
password123,USER,pgray7390
password123,ADMIN,aaron262708
password123,ADMIN,rlarson8143
password123,USER,nancysmith2051
password123,ADMIN,larajessica9745
password123,ADMIN,kathrynbaker9028
password123,USER,wjackson4849
password123,USER,weavermichael1827
password123,ADMIN,hudsonbrian5100
password123,USER,jonesapril6449
password123,ADMIN,davidmejia9080
password123,USER,nicole695099
password123,ADMIN,mackelizabeth9801
password123,USER,kevin919958
password123,ADMIN,udavidson7915
password123,ADMIN,wandawright2423
password123,ADMIN,kbaker2237
password123,ADMIN,arodriguez551
password123,USER,vburke1452
password123,ADMIN,ramoserika3022
password123,USER,marshalldaniel1677
password123,USER,lgray9426
password123,USER,justinterry3989
password123,USER,johnsonaustin3598
password123,USER,xjackson9419
password123,USER,roberta82298
password123,ADMIN,fstevens2840
password123,ADMIN,butleralicia7502
password123,ADMIN,mackenziehernandez847
password123,USER,acarlson5138
password123,ADMIN,nataliehoward6598
password123,USER,woodsjennifer8157
password123,ADMIN,xhernandez2507
password123,ADMIN,sparksdaniel6445
password123,USER,william816174
password123,ADMIN,barnettlisa1708
password123,USER,brownheather7837
password123,USER,brookssandra6829
password123,ADMIN,asparks7688
password123,ADMIN,meltondenise1361
password123,USER,uvilla7955
password123,USER,hilljennifer136
password123,USER,pgreene9021
password123,USER,diamondreed8444
password123,USER,maxwellamber5932
password123,ADMIN,stevenliu8686
password123,ADMIN,elliottjeffrey8871
password123,ADMIN,johnsonaustin3096
password123,USER,fordmichelle3408
password123,ADMIN,ythomas8877
password123,ADMIN,kimberlylucas4631
password123,USER,nicholasdelgado7578
password123,USER,nscott6648
password123,USER,richardrobinson3208
password123,USER,craigmorgan6941
password123,USER,leslie595502
password123,USER,kevin662598
password123,ADMIN,dale87774
password123,USER,shawn826473
password123,ADMIN,casematthew2767
password123,USER,pereztammy8633
password123,USER,andrewmejia8781
password123,USER,myerscharles9742
password123,USER,jason802503
password123,ADMIN,savannah238111
password123,USER,mary698725
password123,USER,jonessean2573
password123,ADMIN,rmcintyre3342
password123,USER,merickson970
password123,ADMIN,anna353895
password123,ADMIN,andersoncarrie4856
password123,USER,vburns8922
password123,ADMIN,janice559019
password123,ADMIN,garnerashley4925
password123,ADMIN,jamescox7396
password123,USER,stephenwhitaker5562
password123,USER,james399217
password123,USER,kmendez8535
password123,ADMIN,joseph378128
password123,ADMIN,nicole733637
password123,USER,xwalker8433
password123,ADMIN,hamiltonterri5320
password123,USER,opowell8706
password123,USER,karen614590
password123,USER,smithstephanie1576
password123,USER,melissa259116
password123,USER,lisa9629
password123,USER,maureenhernandez8571
password123,USER,hernandeztammy7488
password123,USER,savagemichelle9347
password123,USER,walter879120
password123,USER,jaime15259
password123,USER,brandonrandall9769
password123,ADMIN,thomasbrittany2222
password123,ADMIN,dillonnichols5562
password123,USER,hannamichelle6488
password123,USER,paulgarrett8616
password123,USER,shelbycrawford1099
password123,USER,charlesrice3304
password123,ADMIN,cvalencia1284
password123,USER,uchavez4152
password123,USER,jennifer384560
password123,USER,richardholland5929
password123,ADMIN,mccoymisty2597
password123,ADMIN,terrirodriguez5472
password123,USER,samantha85269
password123,ADMIN,erinyu9638
password123,ADMIN,williamsvirginia4549
password123,USER,nicoleharris6538
password123,ADMIN,sjohnson2527
password123,USER,taylordawn5642
password123,ADMIN,lonniedavis1377
password123,USER,michael831371
password123,USER,laurenbryant9707
password123,USER,susan586435
password123,USER,brownleonard4870
password123,ADMIN,victoria188561
password123,ADMIN,jessicageorge3144
password123,ADMIN,kayla57639
password123,USER,patricia499768
password123,USER,xclayton5043
password123,USER,brenda184748
password123,ADMIN,mcculloughmelissa8797
password123,ADMIN,stanleymiller3906
password123,ADMIN,alexa294025
password123,USER,elijah093955
password123,USER,james565825
password123,ADMIN,gary889466
password123,USER,stevenortiz7616
password123,USER,sanderscasey5838
password123,USER,christinedavis3640
password123,ADMIN,scottrose8622
password123,USER,deborahwilliams6591
password123,USER,gabrielletaylor8981
password123,USER,leelauren4503
password123,USER,robertgarner9210
password123,ADMIN,heather393555
password123,ADMIN,lstewart1298
password123,ADMIN,angela441475
password123,USER,mcculloughdanielle3191
password123,USER,dereklindsey4530
password123,USER,ofleming7083
password123,USER,browngeorge8590
password123,USER,jacksontony1319
password123,USER,mdean6526
password123,USER,charrison4258
password123,USER,kathryn447670
password123,ADMIN,sarah696138
password123,ADMIN,catherinenixon1845
password123,ADMIN,sandra391905
password123,ADMIN,robert01283
password123,USER,gabriellelee5400
password123,USER,nicholas681236
password123,ADMIN,dennispalmer5698
password123,USER,gheath7828
password123,ADMIN,kimmurray5548
password123,USER,vrodgers6563
password123,USER,jacksonrobin4490
password123,USER,jeffreyferguson8796
password123,USER,angelajones2255
password123,USER,smithnathaniel7725
password123,USER,shelly846254
password123,ADMIN,scott924686
password123,ADMIN,taylorthomas4495
password123,USER,debra15865
password123,ADMIN,therring9461
password123,USER,oconnorjoshua1667
password123,USER,howardbrittany3234
password123,ADMIN,jackwilliams9966
password123,USER,johnmendez1038
password123,USER,patricia569289
password123,USER,williamsolomon5646
password123,USER,james266136
password123,USER,goodmanmisty6412
password123,ADMIN,collinsgavin5447
password123,USER,gcastro4398
password123,ADMIN,nicole482431
password123,ADMIN,christian954064
password123,ADMIN,cranethomas6124
password123,ADMIN,bakerdavid2980
password123,USER,walkerapril19
password123,ADMIN,karensingh3444
password123,ADMIN,andrew942036
password123,USER,sotoshirley2518
password123,ADMIN,msanders7756
password123,ADMIN,probinson4335
password123,ADMIN,ugonzalez4175
password123,ADMIN,tmcgee1176
password123,ADMIN,ocasey2349
password123,USER,mcollins746
password123,ADMIN,arogers6184
password123,USER,powerschristine1407
password123,USER,carias7641
password123,ADMIN,iwilliams9639
password123,USER,marymiller1212
password123,ADMIN,christine129441
password123,ADMIN,mayderek6814
password123,USER,brandondeleon8641
password123,ADMIN,dustin579827
password123,ADMIN,ruthruiz8736
password123,ADMIN,nbernard5456
password123,USER,timothy779258
password123,ADMIN,dannywarren8795
password123,USER,brownmatthew3135
password123,USER,chavezjasmine4466
password123,USER,butlerthomas6193
password123,USER,thomas841177
password123,USER,megancollins1709
password123,USER,scarter5495
password123,ADMIN,hallrick9703
password123,ADMIN,warddavid7169
password123,USER,anthonyjohnson1890
password123,USER,brian952703
password123,ADMIN,leejoel1519
password123,ADMIN,omclaughlin3043
password123,USER,qjimenez5490
password123,USER,troy646668
password123,ADMIN,robert87662
password123,USER,rodgersmaria3445
password123,ADMIN,perryrichard8648
password123,ADMIN,debbienguyen8478
password123,USER,anitadixon2954
password123,USER,jessica435776
password123,USER,hoashley7208
password123,USER,robert591221
password123,ADMIN,lynnrichard9037
password123,USER,anthonywalsh7454
password123,USER,sarahkrause7627
password123,ADMIN,clairepham490
password123,ADMIN,hornsharon2131
password123,ADMIN,joyewing751
password123,USER,phillipsvirginia607
password123,USER,amanda063294
password123,USER,gcooke6560
password123,USER,janice13938
password123,ADMIN,lisa294045
password123,USER,johnswanson2790
password123,USER,olivia324557
password123,ADMIN,chansen255
password123,ADMIN,kingmanuel7806
password123,ADMIN,ronaldbrown9300
password123,ADMIN,felicia746854
password123,USER,kristi635494
password123,USER,charlespowell8981
password123,USER,amandahudson9325
password123,USER,lisa223832
password123,ADMIN,mcgeebrandon2154
password123,USER,jyang3497
password123,USER,traceyanderson7225
password123,USER,gabrielle042916
password123,USER,nlloyd7002
password123,ADMIN,nmccarthy5414
password123,ADMIN,mrios4223
password123,USER,erin786771
password123,ADMIN,ojones9169
password123,ADMIN,uvilla5567
password123,USER,nicholascook2616
password123,USER,fullersteven4484
password123,ADMIN,rachel078232
password123,USER,danielle295030
password123,ADMIN,cfletcher6009
password123,USER,james577155
password123,ADMIN,echandler5269
password123,ADMIN,charles321027
password123,ADMIN,christopher462386
password123,ADMIN,christopher797988
password123,ADMIN,ccrane6650
password123,ADMIN,paynethomas4905
password123,USER,trujillogail2562
password123,ADMIN,bbaker3173
password123,USER,gentrycrystal8036
password123,ADMIN,mchavez145
password123,ADMIN,thomasmarshall2991
password123,USER,estevens8008
password123,USER,hsherman1322
password123,ADMIN,nmiller8958
password123,ADMIN,wramos2328
password123,ADMIN,xwhite7479
password123,USER,bjohnson478
password123,USER,usmith2859
password123,ADMIN,victoria91278
password123,ADMIN,petersonrachel5574
password123,USER,maldonadomary906
password123,ADMIN,hwood36
password123,USER,rachel734236
password123,ADMIN,troysmith4656
password123,ADMIN,allen136270
password123,ADMIN,cynthiaholland1047
password123,ADMIN,lopezdevin2042
password123,ADMIN,hwhitehead8153
password123,USER,brett344052
password123,ADMIN,stevenallen3630
password123,ADMIN,patriciawebb3448
password123,USER,amymorales470
password123,USER,blake247124
password123,ADMIN,diazsarah7342
password123,ADMIN,robertroberts5821
password123,USER,jsandoval5871
password123,ADMIN,lschneider9409
password123,USER,swest7876
password123,USER,rebeccapace8007
password123,ADMIN,williamskenneth7277
password123,ADMIN,ihall9976
password123,ADMIN,diana75927
password123,USER,eschmidt4760
password123,USER,kmills1340
password123,USER,dillon254792
password123,ADMIN,nsanders4797
password123,ADMIN,guerrerodiane846
password123,USER,ashley761145
password123,USER,marygonzales40
password123,ADMIN,melissa714602
password123,USER,ewiley7428
password123,USER,ycardenas4672
password123,ADMIN,jennifer96804
password123,ADMIN,mark13221
password123,USER,zkeller6447
password123,USER,justinnoble4812
